x_test,y_test
-1.396551724137931,1.1157262646533614
-1.1896551724137931,2.9999999999999996
-1.0862068965517242,0.21722949220969
1.1896551724137931,0.7107569252339108
-0.8793103448275862,-1.5414226271973972
-0.7758620689655172,-2.4557389976993034
